quarter,tfp_sum,PIRIC,FDEFX,UNRATE,GDP,PCDG,GPDI,PCND,PCESV,HOANBS,OPHNFB,PRS85006173,GDPDEF,FEDFUNDS
1947q1,0,4.756671,22.790001,,243.164,20.722,35.854,74.872002,60.567001,41.782001,22.256001,115.996,11.141,
1947q2,-1.2960515,4.8389068,21.105,,245.968,21.351,34.505001,76.897003,61.783001,41.792999,22.761999,114.395,11.299,
1947q3,.29811135,4.8145657,19.985001,,249.58501,21.77,34.910999,78.649002,63.124001,41.907001,22.065001,116.239,11.489,
1947q4,-1.4632764,4.7548151,20.41,,259.745,23.488001,43.25,79.964996,64.219002,42.313,22.993,114.62,11.772,
1948q1,10.658016,4.7230906,20.684999,3.7333333,265.742,23.547001,47.202,81.545998,65.278999,42.582001,23.097,114.793,11.865,
1948q2,19.299559,4.7351718,20.555,3.6666667,272.56699,24.018999,50.335999,83.168999,66.954002,42.563999,23.035999,114.747,11.972,
1948q3,20.666092,4.7835679,20.716,3.7666667,279.19601,25.277,52.515999,83.464996,68.330002,42.863998,23.061001,114.742,12.193,
1948q4,23.569084,4.797194,21.593,3.8333333,280.366,24.971001,51.334,83.685997,69.271004,42.471001,23.162001,113.804,12.23,
1949q1,21.717344,4.7771468,22.461,4.6666665,275.034,24.436001,43.139999,82.731003,69.664001,41.756001,23.398001,114.109,12.165,
1949q2,27.913811,4.7465582,22.753,5.8666668,271.35101,26.389,36.241001,81.893997,70.164001,41.068001,23.639,114.314,12.043,
1949q3,31.548752,4.6795821,22.546,6.6999998,272.88901,27.313,39.549,80.254997,70.237,40.625999,24.204,112.159,11.988,
1949q4,31.679945,4.6416764,21.601999,6.9666667,270.62701,28.356001,37.467999,80.948997,70.944,40.452,24.073,112.792,11.989,
1950q1,39.927475,4.6227055,20.889999,6.4000001,280.828,29.334999,46.749001,81.464996,72.120003,40.769001,24.899,111.495,11.97,
1950q2,39.439545,4.636013,20.950001,5.5666666,290.383,29.799,52.291,82.788002,74.219002,41.777,25.205,112.161,12.011,
1950q3,39.427322,4.6045418,22.695999,4.6333332,308.15302,37.355,58.640999,86.632004,76.517998,43.091,25.752001,110.734,12.272,
1950q4,40.16703,4.567606,26.061001,4.2333331,319.94501,33.292,68.441002,86.652,78.001999,43.490002,25.799,111.037,12.502,
1951q1,37.2472,4.5421371,33.539001,3.5,336,35.638,64.582001,91.966003,81.602997,44.221001,25.827,110.474,12.953,
1951q2,35.34309,4.5343528,40.264,3.0999999,344.09,30.735001,67.383003,91.445,82.763,44.575001,25.747,111.77,13.039,
1951q3,46.435902,4.5403442,48.081001,3.1666665,351.38501,30.193001,61.980999,93.170998,84.251999,44.147999,26.319,109.834,13.047,
1951q4,45.395256,4.5236592,52.874001,3.3666666,356.17801,30.391001,57.084,95.454002,85.745003,44.169998,26.398001,110.905,13.196,
1952q1,40.401009,4.5435781,53.490002,3.0666666,359.82001,30.775999,58.132,94.762001,87.431,44.455002,26.533001,111.412,13.19,
1952q2,48.129368,4.5363979,56.979,2.9666667,361.03,31.007,53.004002,96.600998,89.480003,44.268002,26.48,112.321,13.206,
1952q3,44.900887,4.5294337,58.674999,3.2333333,367.70099,29.466999,57.220001,98.473999,91.612,44.588001,26.35,113.002,13.354,
1952q4,45.103085,4.4535646,60.506001,2.8333333,380.81201,33.723,60.737,100.331,93.615997,45.771,26.908001,112.693,13.39,
1953q1,54.210148,4.4440274,61.306,2.7,387.98001,35.186001,61.662998,100.517,95.515999,46.241001,27.143,112.904,13.393,
1953q2,58.70599,4.4376793,61.974998,2.5666666,391.74899,35.019001,62.115002,100.556,97.386002,46.326,27.207001,113.209,13.42,
1953q3,63.961128,4.3978314,60.964001,2.7333333,391.17099,34.577,61.435001,99.842003,99.247002,45.870998,27.322001,113.504,13.476,
1953q4,66.105499,4.3530803,60.290001,3.7,385.97,33.682999,56.445999,99.959,99.470001,45.154999,27.226,114.886,13.501,
1954q1,71.436913,4.3263998,57.326,5.2666664,385.345,32.91,55.716999,101.261,100.982,44.548,27.283001,115.233,13.544,
1954q2,74.571159,4.2754831,55.214001,5.8000002,386.121,33.646,55.449001,101.324,102.915,44.214001,27.473,114.401,13.556,
1954q3,78.38369,4.2522717,53.215,5.9666667,390.996,33.233002,58.971001,102.196,104.874,44.042999,27.968,113.412,13.574,1.03
1954q4,80.31839,4.2517123,52.037998,5.3333335,399.73401,35.063999,62.139,103.431,106.598,44.588001,28.283001,112.749,13.611,.98666668
1955q1,78.760986,4.264122,52.355999,4.7333331,413.073,38.437,68.702003,104.502,108.459,45.304001,28.841,110.848,13.675,1.3433334
1955q2,80.039566,4.2895174,51.867001,4.4000001,421.53201,40.709,72.688004,106.122,109.634,45.897999,28.940001,111.038,13.731,1.5
1955q3,81.616524,4.313714,53.076,4.0999999,430.22101,42.421001,74.747002,106.942,111.288,46.379002,29.045,111.466,13.827,1.9400001
1955q4,75.930466,4.318459,52.152,4.2333331,437.09201,41.412998,78.882004,109.046,114.179,46.937,28.941,111.784,13.964,2.3566666
1956q1,77.97477,4.3276181,52.757999,4.0333333,439.746,39.674,78.303001,110.541,115.94,47.223999,28.591999,113.848,14.104,2.4833333
1956q2,84.497032,4.304985,54.943001,4.2000003,446.01001,39.819,77.019997,111.291,117.723,47.325001,28.733,114.78,14.187,2.6933334
1956q3,82.377953,4.3207603,55.09,4.1333332,451.19101,39.685001,78.266998,112.432,119.958,47.132999,28.729,115.087,14.365,2.8099999
1956q4,85.224518,4.3382535,57.042,4.1333332,460.46301,41.497002,77.144997,113.676,122.272,47.395,29.037001,115.106,14.423,2.9266667
1957q1,89.06366,4.3458438,58.831001,3.9333334,469.77899,42.597,77.727997,115.417,123.876,47.439999,29.368999,114.107,14.621,2.9333334
1957q2,94.935036,4.3495307,59.639,4.0999999,472.02499,42.169998,77.906998,116.479,125.528,47.339001,29.253,114.999,14.723,3
1957q3,99.330681,4.3030424,60.667,4.2333331,479.48999,41.875999,79.338997,119.353,127.521,47.111,29.664,114.313,14.811,3.2333333
1957q4,108.16579,4.2526879,60.625999,4.9333334,474.86401,41.466999,71.044998,119.052,129.85001,46.139,29.761999,115.181,14.821,3.2533333
1958q1,109.50299,4.1542048,60.841,6.3000002,467.54001,39.396,66.730003,119.862,130.63,45.105999,29.353001,116.379,14.982,1.8633333
1958q2,110.41061,4.1046591,61.977001,7.3666668,471.978,38.636002,65.065002,121.183,133,44.444,29.914,115.039,15.025,.94
1958q3,110.30324,4.0697031,62.632999,7.3333335,485.841,39.396,71.999001,123.026,135.47099,44.977001,30.476,114.94,15.117,1.3233333
1958q4,111.26189,4.0464344,63.429001,6.3666663,499.55499,40.693001,80.000999,124.08,137.049,45.647999,30.996,112.982,15.189,2.1633334
1959q1,107.20868,4.0434113,61.137001,5.8333335,510.32999,43.648998,83.166,126.074,139.726,46.533001,31.034,113.424,15.224,2.5699999
1959q2,107.26662,4.0317845,60.290001,5.0999999,522.65302,45.465,89.380997,127.152,142.888,47.412998,31.336,113.039,15.248,3.0833335
1959q3,110.93208,3.999088,61.397999,5.2666664,525.034,46.335999,83.606003,128.188,146.201,47.273998,31.379,113.081,15.307,3.5766666
1959q4,114.49984,3.9650071,60.956001,5.5999999,528.59998,44.103001,86.524002,129.461,149.27699,47.286999,31.277,113.952,15.367,3.99
1960q1,120.81406,3.9470842,60.023998,5.1333332,542.64801,45.455002,96.475998,129.605,151.304,47.584,32.007,113.62,15.428,3.9333334
1960q2,120.14579,3.916405,59.521999,5.2333331,541.08002,46.433998,87.096001,131.961,153.813,47.662998,31.507999,115.916,15.467,3.6966667
1960q3,122.31133,3.8873444,61.963001,5.5333333,545.604,45.922001,86.376999,131.58,154.623,47.396999,31.695999,115.455,15.52,2.9366667
1960q4,125.53829,3.8590355,62.094002,6.2666664,540.19702,44.689999,75.962997,132.41299,156.92101,46.964001,31.277,117.123,15.566,2.2966666
1961q1,124.94075,3.8486214,63.393002,6.8000002,545.01801,42.240002,78.377998,133.401,158.87801,46.693001,31.681,116.542,15.6,2.0033333
1961q2,127.40581,3.8597801,63.356998,7,555.54498,43.32,84.108002,134.245,161.89101,46.585999,32.514,114.929,15.636,1.7333333
1961q3,129.91048,3.8483627,64.960999,6.7666664,567.664,44.580002,90.917,134.59599,163.15601,46.862,33.067001,113.77,15.676,1.6833333
1961q4,126.69514,3.8347933,66.461998,6.1999998,580.612,46.682999,92.931,136.16701,166.742,47.455002,33.351002,113.586,15.725,2.3999999
1962q1,130.49081,3.8083897,69.164001,5.6333332,594.013,47.702,98.073997,137.832,169.287,47.631001,33.896,113.026,15.806,2.4566667
1962q2,128.88278,3.7896037,68.916,5.5333333,600.36603,49.047001,96.706001,138.745,172.666,48.196999,33.761002,113.834,15.832,2.6066666
1962q3,133.74554,3.777957,70.445,5.5666666,609.02698,49.567001,98.160004,139.96001,174.806,48.098,34.323002,112.626,15.865,2.8466668
1962q4,138.41154,3.74981,70.278,5.5333333,612.28003,51.546001,94.968002,141.47701,177.59399,47.803001,34.575001,112.89,15.898,2.9233334
1963q1,137.81171,3.7361274,69.388,5.7666664,621.672,52.589001,99.689003,142.45799,179.23599,48.09,34.679001,113.071,15.967,2.9666667
1963q2,138.06688,3.7257006,68.896004,5.7333331,629.75201,53.881001,101.65,142.80299,181.728,48.397999,34.942001,112.738,15.995,2.9633334
1963q3,143.7325,3.6931577,70.846001,5.5,644.44397,54.701,104.612,145.166,185.526,48.529999,35.799,111.191,16.016001,3.3299999
1963q4,143.45447,3.6755519,70.879997,5.5666666,653.93799,55.738998,107.189,145.27901,189.03101,48.908001,35.775002,111.846,16.146,3.4533334
1964q1,149.11412,3.6333199,70.383003,5.4666667,669.82202,57.994999,110.474,148.651,192.935,49.921001,35.999001,110.518,16.197001,3.4633334
1964q2,146.18068,3.6300812,69.375,5.1999998,678.67401,59.476002,110.518,151.455,196.604,50.140999,36.195999,110.812,16.233999,3.49
1964q3,149.78082,3.609323,70.153,5,692.03101,61.377998,112.631,154.877,200.168,50.463001,36.569,110.589,16.299,3.4566667
1964q4,148.89874,3.6118968,69.001999,4.9666667,697.31897,59.376999,114.984,155.8,203.811,50.955002,36.216,112.116,16.372999,3.5766666
1965q1,148.44562,3.6022508,68.030998,4.9000001,717.78998,64.915001,126.542,157.75999,207.035,51.743,36.735001,110.624,16.455,3.9766667
1965q2,149.6225,3.5739706,68.163002,4.6666665,730.19098,64.818001,127.052,160.76801,211.056,52.256001,36.904999,110.69,16.531,4.0799999
1965q3,157.96194,3.5406625,71.156998,4.3666668,749.323,66.699997,131.237,164.069,215.035,52.386002,37.654999,109.183,16.594999,4.0766668
1965q4,160.59628,3.5218735,74.978996,4.0999999,771.85699,69.125999,133.752,170.545,220.065,52.883999,38.307999,108.519,16.709,4.1666665
1966q1,163.88409,3.4503436,77.480003,3.8666666,795.73401,72.311996,144.2,174.09399,223.73,53.640999,38.830002,108.609,16.816,4.5599999
1966q2,161.8273,3.4409683,79.135002,3.8333333,804.98102,69.721001,143.50101,177.23801,228.23,54.166,38.561001,109.958,16.954,4.9133334
1966q3,162.78925,3.4039662,85.612999,3.7666667,819.638,72.322998,143.194,179.77,232.198,54.419998,38.688,110.34,17.118,5.4100003
1966q4,166.5412,3.3984804,87.656998,3.7,833.302,72.625,145.855,180.394,237.03999,54.285,38.928001,109.866,17.261,5.5633335
1967q1,174.34364,3.3880146,92.232002,3.8333333,844.16998,71.101997,142.811,182.375,240.841,54.226002,39.236,109.937,17.333,4.8233333
1967q2,178.81993,3.3819361,93.499001,3.8333333,848.98297,74.483002,137.495,184.021,244.953,53.900002,39.380001,110.685,17.421,3.99
1967q3,177.20592,3.371886,96.658997,3.8,865.23297,74.698997,142.83501,185.77699,250.241,54.081001,39.581001,110.659,17.587999,3.8933334
1967q4,180.79231,3.3714516,97.745003,3.9000001,881.43903,75.641998,147.653,187.864,254.743,54.327,39.695,110.784,17.784,4.1733336
1968q1,186.6843,3.3501313,100.462,3.7333333,909.38702,80.859001,152.28799,193.535,261.90302,54.424999,40.581001,110.125,17.981001,4.79
1968q2,189.17256,3.3276832,101.515,3.5666666,934.34399,83.084,158.94299,197.769,269.16101,54.945,40.960999,109.682,18.171,5.9833336
1968q3,188.59755,3.3025455,101.469,3.5333333,950.82501,87.544998,155.683,202.841,275.73599,55.333,40.977001,110.716,18.349001,5.9466667
1968q4,186.60541,3.3086767,101.98,3.4000001,968.03003,87.825996,160.75999,205.007,282.14401,55.676998,40.879002,111.648,18.608,5.9166665
1969q1,185.97484,3.293637,101.262,3.4000001,993.33698,90.011002,172.388,208.834,288.16101,56.198002,41.203999,110.962,18.799999,6.5666666
1969q2,182.94229,3.274946,100.86,3.4333334,1009.02,90.447998,172.72099,212.216,295.673,56.717999,40.867001,112.424,19.039,8.3266668
1969q3,182.16434,3.2553215,103.448,3.5666666,1029.9561,90.627998,177.564,215.98801,302.01001,56.998001,40.909,113.187,19.306999,8.9833326
1969q4,181.3511,3.2549987,102.7,3.5666666,1038.147,90.844002,171.573,219.744,309.99799,56.835999,40.702999,114.771,19.556,8.9400005
1970q1,185.86252,3.2411175,102.837,4.1666665,1051.2,89.611,168.11301,224.48399,317.59,56.613998,40.828999,115.245,19.832001,8.5733328
1970q2,192.99289,3.25629,99.603996,4.7666669,1067.375,91.005997,171.455,226.548,324.01599,55.877998,41.425999,113.7,20.108,7.8866668
1970q3,198.62361,3.2286949,99.914001,5.1666665,1086.059,92.011002,173.90401,229.716,331.755,55.604,42.076,113.18,20.273001,6.7066665
1970q4,198.11989,3.2299399,100.486,5.8333335,1088.608,87.323997,166.754,234.47501,338.36099,55.182999,41.689999,113.699,20.541,5.5666666
1971q1,203.13957,3.2471073,99.477997,5.9333334,1135.156,98.052002,189.495,235.828,345.30701,55.438,42.924999,111.541,20.853001,3.8566666
1971q2,203.25844,3.2410326,97.838997,5.9000001,1156.271,100.989,197.32899,238.832,353.40399,55.620998,43.047001,111.502,21.127001,4.5666666
1971q3,212.01166,3.2222774,97.431999,6.0333333,1177.675,103.442,202.058,240.424,361.73199,55.624001,43.453999,110.939,21.341999,5.4766669
1971q4,206.25331,3.2104006,97.231003,5.9333334,1190.297,107.302,198.411,243.595,370.84299,56.217999,43.077,112.253,21.52,4.75
1972q1,207.81485,3.2188749,101.361,5.7666669,1230.609,110.704,212.968,247.03999,381.20401,56.853001,43.750999,112.234,21.848,3.5466666
1972q2,210.60803,3.2244945,103.31,5.6999998,1266.369,114.066,226.798,254.302,388.996,57.265999,44.612999,110.916,21.983999,4.3000002
1972q3,213.01485,3.2231727,97.726997,5.5666666,1290.566,117.591,233.09,260.08401,398.12299,57.591999,44.868999,111.069,22.194,4.7433333
1972q4,216.59892,3.2150867,100.456,5.3666668,1328.9041,123.416,239.715,268.05701,409.02899,58.196999,45.248001,111.527,22.476999,5.1466665
1973q1,220.87335,3.1956203,103.436,4.9333334,1377.49,131.812,254.313,275.45599,417.73901,59.069,46.271999,111.289,22.736,6.5366669
1973q2,218.50372,3.1672904,103.355,4.9333334,1413.887,131.295,268.19601,281.38599,427.84698,59.686001,46.289001,111.56,23.086,7.8166666
1973q3,214.53172,3.1401651,100.495,4.8000002,1433.838,130.8,264.33499,289.91599,438.16,60.089001,45.855,113.108,23.535,10.559999
1973q4,215.65749,3.0819261,103.255,4.7666669,1476.2889,128.201,280.858,297.67499,448.01099,60.389999,45.57,113.45,24.004,9.9966669
1974q1,212.50365,3.0140724,106.194,5.1333332,1491.209,126.652,268.36099,308.853,456.362,60.140999,45.459999,113.742,24.457001,9.3233337
1974q2,215.63263,3.001054,108.827,5.1999998,1530.056,130.58299,277.39099,318.017,471.82199,60.304001,45.324001,112.917,25.035,11.25
1974q3,209.16351,3.0392799,110.321,5.6333332,1560.026,136.32401,271.013,327.66699,485.284,60.098999,44.859001,113.927,25.768999,12.09
1974q4,214.76646,3.0813377,114.235,6.5999999,1599.679,127.148,281.33899,330.90799,501.022,59.117001,45.258999,112.602,26.527,9.3466663
1975q1,224.56613,3.1190231,115.068,8.2666674,1616.116,131.787,244.306,336.20599,517.19702,57.286999,45.595001,111.474,27.129999,6.3033333
1975q2,228.78745,3.1551383,114.248,8.8666668,1651.853,136.692,243.28101,344.849,532.04102,56.763,46.319,110.375,27.533001,5.4200001
1975q3,227.17514,3.1250429,119.996,8.4666662,1709.8199,146.78799,265.19199,355.96399,544.44,57.279999,46.884998,109.301,28.018999,6.1599998
1975q4,222.82063,3.108391,122.592,8.3000002,1761.8311,153.392,276.23599,359.659,563.172,58.256001,46.936001,109.402,28.488001,5.4133334
1976q1,223.23814,3.0921328,122.92,7.7333331,1820.4871,163.297,304.638,367.436,579.17401,59.214001,47.631001,108.64,28.789,4.8266668
1976q2,226.56648,3.0955987,123.427,7.5666666,1852.332,165.89999,322.30301,373.07001,590.57098,59.245998,48.069,108.462,29.079,5.1966667
1976q3,226.25621,3.0695443,125.164,7.7333336,1886.558,169.845,328.30701,380.608,608.35303,59.483002,48.181999,108.961,29.455,5.2833333
1976q4,230.21472,3.0526938,128.298,7.7666669,1934.2729,175.455,337.64999,389.60699,627.34497,59.803001,48.32,108.957,29.983,4.8733335
1977q1,232.91481,3.0259511,131.586,7.5,1988.6479,183.931,360.31299,396.46701,647.81403,60.433998,48.632,108.784,30.465,4.6599998
1977q2,230.28726,2.9952991,134.12601,7.1333332,2055.9089,189.22301,389.703,403.70401,663.05402,61.580002,48.831001,108.779,30.895,5.1566668
1977q3,237.37675,2.9945571,135.347,6.9000001,2118.4729,193.992,414.134,409.909,683.00299,62.242001,49.342999,108.324,31.271,5.8200002
1977q4,232.29315,3.0064056,136.57401,6.666667,2164.27,200.70599,422.29901,423.604,700.49402,62.855,48.715,109.712,31.947001,6.5133333
1978q1,235.94138,3.0133514,138.73,6.3333335,2202.76,198.168,434.79901,431.073,724.81097,63.146999,48.743,111.254,32.410999,6.7566667
1978q2,235.73297,3.0010672,144.166,6,2331.6331,216.187,470.58401,444.81201,750.38599,64.986,49.712002,108.998,33.030998,7.2833333
1978q3,235.93188,2.9891806,147.31,6.0333333,2395.053,216.74001,492.36801,455.62,769.85602,65.536003,49.743,108.946,33.591999,8.1000004
1978q4,235.14723,2.9670205,150.519,5.9000001,2476.949,222.299,515.755,469.367,789.68903,66.329002,50.07,108.758,34.278999,9.583333
1979q1,234.05974,2.9362113,153.73801,5.8666668,2526.6101,223.278,525.80902,484.59,809.27301,66.806,49.615002,110.772,34.903999,10.073334
1979q2,239.15714,2.894964,158.616,5.6999998,2591.2471,222.101,539.29303,500.06699,835.46802,67.018997,49.522999,110.435,35.758999,10.18
1979q3,233.70985,2.8559403,162.687,5.8666668,2667.5649,230.93201,545.62097,522.34698,858.58899,67.630997,49.463001,110.708,36.541,10.946667
1979q4,233.0479,2.8277082,167.308,5.9666667,2723.8831,229.049,547.875,539.388,886.599,67.785004,49.404999,111.472,37.219002,13.576667
1980q1,241.42316,2.8093214,175.177,6.3000002,2789.842,232.05499,554.56201,559.94598,910.30103,67.622002,49.639,111.222,38.000999,15.046667
1980q2,238.8837,2.8006165,181.961,7.3333335,2797.3521,211.91701,519.29401,565.914,926.89203,66.401001,49.122002,112.24,38.904999,12.686666
1980q3,236.88399,2.786257,183.79401,7.6666665,2856.4829,225.36301,495.07101,576.49902,961.909,66.098,49.316002,112.849,39.773998,9.8366661
1980q4,233.00018,2.7673032,192.687,7.4000001,2985.5569,236.23,551.47198,591.25,1004.394,66.987,49.817001,112.24,40.810001,15.853333
1981q1,237.78233,2.7492197,200.158,7.4333334,3124.2061,246.047,619.38098,614.04401,1025.6429,67.373001,50.584,109.901,41.884998,16.57
1981q2,233.76016,2.7626805,210.235,7.4000001,3162.532,240.936,609.84302,622.849,1053.74,67.425003,49.93,111.008,42.715,17.780001
1981q3,242.34616,2.7630866,216.164,7.4000001,3260.6089,251.925,652.297,629.12701,1077.047,67.387001,50.396999,110.118,43.519001,17.576668
1981q4,240.50345,2.7733791,226.92999,8.2333336,3280.8181,236.84399,643.39502,635.70203,1101.901,67.093002,49.862,111.09,44.271,13.586667
1982q1,242.50204,2.7750144,232.589,8.833333,3274.302,246.439,588.31799,639.854,1127.8621,65.963997,49.612,113.136,44.880001,14.226666
1982q2,239.58792,2.7813144,242.237,9.4333334,3331.9719,249.226,593.62097,638.72101,1151.697,66.267998,49.625999,112.536,45.463001,14.513333
1982q3,236.92412,2.7503269,249.19099,9.9000006,3366.322,252.10699,592.95398,649.71899,1183.8459,65.794998,49.723999,112.698,46.108002,11.006667
1982q4,237.70781,2.7262764,257.60101,10.666667,3402.561,264.35599,549.242,656.73999,1224.459,65.181999,50.160999,112.145,46.585999,9.2866669
1983q1,236.18398,2.7063587,261.53799,10.366667,3473.4131,268.90799,565.52002,657.00299,1258.678,65.578003,50.842999,111.36,46.938,8.6533337
1983q2,234.84419,2.6760499,268.573,10.133333,3578.8479,289.58401,613.78302,673.04901,1286.806,66.343002,51.956001,109.523,47.285999,8.8033333
1983q3,230.12343,2.6391191,274.53799,9.3666668,3689.179,302.362,652.26898,688.43701,1329.097,67.668999,52.080002,108.027,47.789001,9.46
1983q4,230.69121,2.6232479,283.57101,8.5333338,3794.7061,319.26999,718.49597,696.52197,1356.704,68.939003,52.380001,108.1,48.151001,9.4300003
1984q1,233.94751,2.5735123,287.85501,7.8666668,3908.054,331.439,790.87201,706.45697,1380.27,70.258003,52.632999,108.616,48.639,9.6866665
1984q2,237.41473,2.5517597,293.927,7.4333334,4009.6011,341.26901,818.89398,722.37402,1412.233,71.172997,52.925999,108.167,49.055,10.556666
1984q3,239.05464,2.5317478,298.336,7.4333334,4084.25,342.07501,838.85199,724.56702,1446.882,71.482002,53.148998,108.352,49.491001,11.39
1984q4,240.65009,2.517235,314.936,7.3000002,4148.5508,353.84,831.74103,732.78101,1475.175,71.946999,53.208,108.545,49.861,9.2666664
1985q1,245.28673,2.4935248,313.91199,7.2333331,4230.168,368.00699,809.86499,742.38501,1525.616,72.522003,53.377998,108.367,50.354,8.4766665
1985q2,243.79532,2.4731281,323.69501,7.3000002,4294.8872,373.25101,827.03998,752.76001,1555.754,73.016998,53.546001,108.403,50.678001,7.9233336
1985q3,246.73634,2.4519863,337.65302,7.1999998,4386.7729,396.45099,822.15698,760.48499,1597.213,73.222,54.228001,107.834,50.984001,7.9000001
1985q4,245.37083,2.4400973,342.74399,7.0333333,4444.0942,383.75201,859.54498,773.34497,1622.303,73.588997,54.445,109.192,51.269001,8.1033335
1986q1,249.13031,2.4218788,339.11899,7.0333333,4507.894,391.62601,863.45697,779.25201,1652.771,73.483002,55.09,108.895,51.523998,7.8266668
1986q2,252.54083,2.4363713,350.78,7.1666665,4545.3398,407.29099,855.237,767.45203,1676.713,73.283997,55.521999,109.212,51.719002,6.9200001
1986q3,252.91544,2.4393609,364.25,6.9666667,4607.6689,445.707,835.83197,771.04199,1700.452,73.654999,55.758999,109.951,51.931,6.2066665
1986q4,251.92693,2.4344225,355.289,6.8333335,4657.627,441.133,842.06299,779.00702,1732.668,74.209,55.639,111.226,52.214001,6.2666664
1987q1,247.60025,2.4195633,361.483,6.5999999,4722.1558,418.49701,871.19598,797.38202,1767.634,75.133003,55.375999,111.588,52.548,6.2199998
1987q2,251.92665,2.4015038,370.996,6.2666669,4806.1602,439.10101,874.58801,812.28101,1801.948,75.564003,55.749001,111.035,52.911999,6.6500001
1987q3,253.23279,2.3847098,377.77899,6,4884.5552,460.54099,876.466,820.65601,1836.16,76.089996,55.761002,111.278,53.313,6.8433332
1987q4,253.81813,2.3771067,379.28101,5.8333335,5007.9941,449.94901,946.45898,826.78101,1874.186,76.875999,56.319,111.148,53.737999,6.9166665
1988q1,259.52808,2.3636489,378.436,5.6999998,5073.3721,470.439,908.56897,838.38702,1923.0699,76.946999,56.533001,111.922,54.159,6.6633334
1988q2,260.68228,2.3468392,379.82401,5.4666667,5190.0361,473.22299,934.52502,853.53998,1964.954,78.028999,56.686001,111.969,54.686001,7.1566668
1988q3,262.33466,2.3266287,379.017,5.4666667,5282.835,470.38901,942.00897,870.77802,2020.733,78.238998,56.806,111.745,55.34,7.9833331
1988q4,262.49023,2.3194861,391.12601,5.3333335,5399.5088,486.16199,962.74799,886.32098,2062.0559,79.116997,56.868999,111.038,55.818001,8.4700003
1989q1,261.29883,2.3001471,382.08301,5.1999998,5511.2529,486.45099,1005.487,902.52502,2101.1951,79.910004,56.966999,110.723,56.400002,9.4433336
1989q2,259.33282,2.2720456,391.48099,5.2333331,5612.4629,493.34399,1001.047,927.74902,2132.6741,80.219002,57.132,109.476,57.000999,9.7266665
1989q3,261.53967,2.2631006,397.241,5.2333331,5695.3652,505.638,996.46002,936.28802,2167.4741,80.403,57.397999,109.166,57.417,9.083333
1989q4,260.56754,2.2507551,394.108,5.3666668,5747.2368,491.88501,995.80902,951.33801,2210.469,80.406998,57.403999,110.149,57.826,8.6133337
1990q1,261.18854,2.2243507,401.89099,5.3000002,5872.7012,515.39398,1010.838,974.17297,2248.3821,80.656998,57.936001,110.182,58.450001,8.25
1990q2,261.64468,2.2034497,405.694,5.3333335,5960.0278,498.40701,1014.72,980.85303,2304.1599,80.309998,58.338001,110.469,59.105,8.2433338
1990q3,262.02597,2.1775436,402.23001,5.6999998,6015.1162,493.57001,1000.785,1003.106,2350.0239,79.894997,58.529999,110.63,59.611,8.1599998
1990q4,261.59299,2.1515167,410.21301,6.1333332,6004.7329,480.94699,947.453,1018.756,2368.207,79.555,57.921001,111.612,60.055,7.7433333
1991q1,263.45966,2.1562364,417.91599,6.5999999,6035.1782,471.69101,924.56897,1014.15,2387.7209,78.777,58.099998,110.902,60.643002,6.4266667
1991q2,265.92258,2.1445513,418.707,6.8333335,6126.8618,475.24799,926.54102,1021.765,2429.918,78.278,59.049999,110.641,61.088001,5.8633332
1991q3,265.19308,2.129329,416.103,6.8666668,6205.937,484.336,947.47601,1024.392,2464.541,78.194,59.550999,110.286,61.566002,5.6433334
1991q4,264.41052,2.1051602,403.436,7.0999999,6264.54,477.45599,978.78802,1020.699,2501.877,78.055,59.835999,110.855,61.931,4.8166666
1992q1,274.79691,2.083395,402.466,7.3666668,6363.1021,496.17999,956.81702,1037.668,2566.552,77.597,61.018002,111.299,62.160999,4.0233335
1992q2,273.13519,2.0689783,401.66599,7.5999999,6470.7632,500.98901,1013.084,1047.218,2607.4529,77.910004,61.528,110.934,62.535,3.77
1992q3,273.60095,2.0547218,412.354,7.6333332,6566.6411,512.09198,1024.162,1061.049,2653.8291,78.032997,62.085999,110.668,62.841,3.2566667
1992q4,272.98523,2.0420139,409.37201,7.3666668,6680.8032,523.06403,1057.962,1074.8101,2709.3311,78.544998,62.449001,109.765,63.272999,3.0366666
1993q1,266.1077,2.0301998,393.17899,7.1333332,6729.459,527.85199,1083.829,1079.129,2742.5339,79.233002,61.915001,109.14,63.627998,3.04
1993q2,264.13654,2.0221016,389.16,7.0666666,6808.939,547.84198,1094.479,1086.326,2784.4121,80.133003,61.553001,109.978,64.007004,3
1993q3,260.46454,2.01689,389.60001,6.8000002,6882.0981,556.638,1095.8521,1092.528,2838.0229,80.603996,61.828999,109.225,64.387001,3.0599999
1993q4,263.93811,2.0116003,394.64401,6.6333332,7013.7378,573.79602,1153.142,1105.275,2873.5791,81.375,62.068001,108.995,64.737999,2.99
1994q1,260.46091,2.0101354,376.41501,6.5666666,7115.6519,588.82397,1201.675,1116.845,2915.554,81.888,62.238998,107.68,65.047997,3.2133334
1994q2,259.87704,2.0043924,379.93399,6.1999998,7246.9312,598.72101,1264.948,1128.094,2956.3479,83.209,62.300999,107.99,65.362,3.9400001
1994q3,259.08658,1.9972209,394.27701,6,7331.0752,609.31,1251.749,1149.5811,2993.8701,84.192001,61.945999,107.897,65.737,4.4866667
1994q4,262.28265,1.9898592,377.82999,5.6333332,7455.2881,631.83002,1307.566,1163.01,3031.873,84.537003,62.602001,107.054,66.093002,5.1666665
1995q1,263.24203,1.9868209,380.103,5.4666667,7522.2891,621.25201,1327.5861,1166.854,3074.3291,84.950996,62.640999,107.167,66.452003,5.8099999
1995q2,267.2662,1.973519,381.884,5.6666665,7580.9971,626.914,1303.988,1176.984,3129.7109,84.825996,62.936001,107.095,66.771004,6.02
1995q3,267.93735,1.9614351,378.242,5.6666665,7683.125,642.54303,1303.248,1183.691,3172.427,85.801003,62.93,107.337,67.099998,5.7966666
1995q4,268.83005,1.9454008,368.40701,5.5666666,7772.5859,652.242,1335.135,1191.651,3211.762,86.017998,63.275002,107.354,67.422997,5.7200003
1996q1,275.44806,1.9282479,378.552,5.5333333,7868.4678,659.82501,1355.353,1211.173,3259.6169,86.190002,63.662998,107.509,67.747002,5.3633332
1996q2,272.62766,1.9021707,380.806,5.5,8032.8398,676.33197,1418.3879,1239.541,3304.626,86.992996,64.283997,107.042,68.028,5.2433333
1996q3,272.30566,1.8914889,376.13199,5.2666664,8131.4082,679.38202,1474.35,1246.505,3348.6179,87.716003,64.522003,107.093,68.250999,5.3066669
1996q4,274.21799,1.8704506,373.556,5.3333335,8259.7715,689.64099,1480.1281,1268.285,3394.8379,88.705002,64.586998,107.067,68.614998,5.2799997
1997q1,271.89935,1.8563778,362.79199,5.2333331,8362.6553,705.591,1522.4041,1281.017,3446.4971,89.471001,64.445999,107.891,69.025002,5.2766666
1997q2,275.21539,1.8415158,375.80399,5,8518.8252,696.58698,1590.218,1277.72,3496.96,89.904999,65.399002,106.938,69.162003,5.5233335
1997q3,279.52084,1.8292438,372.33499,4.8666668,8662.8232,722.77899,1625.251,1297.345,3559.0549,90.448997,65.925003,106.75,69.463997,5.5333333
1997q4,279.02643,1.8129922,377.03,4.6666665,8765.9072,737.16101,1644.5291,1307.821,3618.627,90.874001,66.245003,107.9,69.695,5.5066667
1998q1,282.02005,1.798106,356.63101,4.6333332,8866.4805,737.70203,1712.324,1306.679,3676.9609,91.431,66.858002,109.022,69.793999,5.52
1998q2,286.85568,1.7815279,369.31601,4.4000001,8969.6992,769.23798,1695.7729,1319.925,3743.4041,91.913002,67.194,109.741,69.959,5.5
1998q3,290.97214,1.7640016,376.634,4.5333333,9121.0967,785.04401,1741.623,1334.8199,3806.9819,92.041,68.109001,109.707,70.254997,5.5333333
1998q4,289.50992,1.7488589,372.42999,4.4333334,9293.9912,825.18903,1796.964,1355.16,3847.8889,93.181999,68.625,109.538,70.453003,4.8600001
1999q1,296.03705,1.7351279,372.22601,4.3000002,9411.6816,819.948,1853.063,1384.9449,3897.147,93.043999,69.578003,109.9,70.681999,4.7333336
1999q2,295.15759,1.7165751,374.897,4.2666669,9526.21,854.80499,1848.3409,1418.2679,3957.5691,93.554001,69.832001,109.622,70.948997,4.7466664
1999q3,296.2645,1.6967173,386.565,4.2333331,9686.626,871.19098,1893.735,1440.071,4024.0471,94.156998,70.471001,109.221,71.199997,5.0933332
1999q4,301.15759,1.6802065,399.328,4.0666666,9900.1689,876.32898,1953.097,1482.6899,4108.02,94.549004,71.512001,109.265,71.595001,5.3066669
2000q1,301.19031,1.6646255,383.02802,4.0333333,10002.179,920.875,1950.65,1492.2111,4205.1309,94.990997,71.220001,112.828,72.070999,5.6766667
2000q2,305.18927,1.6549258,399.59201,3.9333334,10247.72,901.93103,2075.7859,1535.118,4274.8608,95.245003,72.658997,110.474,72.519997,6.2733335
2000q3,306.40213,1.6392602,391.017,4,10318.165,911.65802,2059.969,1557.4919,4350.834,95.237999,72.589996,112.022,72.944,6.52
2000q4,311.3602,1.6252933,396.642,3.9000001,10435.744,915.823,2067.2271,1577.579,4425.2041,94.875999,73.352997,111.152,73.336998,6.4733334
2001q1,311.07214,1.6047608,404.45599,4.2333331,10470.231,926.81097,1971.333,1572.434,4496.0518,94.850998,72.936996,113.626,73.821999,5.5933332
2001q2,315.14523,1.5904568,410.022,4.4000001,10599,919.479,1973.033,1590.627,4532.144,93.922997,74.195,111.694,74.265999,4.3266668
2001q3,315.9679,1.5835119,415.41901,4.8333335,10598.02,923.888,1944.9091,1591.359,4555.0889,92.799004,74.612999,111.072,74.557999,3.4966667
2001q4,319.72128,1.5758504,422.75,5.5,10660.465,995.88202,1850.0909,1581.892,4609.5459,91.734001,75.555,110.498,74.792,2.1333332
2002q1,324.15863,1.5606539,440.905,5.6999998,10783.5,976.24902,1912.6591,1585.634,4655.8311,90.988998,77.135002,108.748,75.027,1.7333333
2002q2,323.96689,1.5410033,452.478,5.8333335,10887.46,977.39697,1933.282,1609.535,4721.022,91.177002,77.259003,109.038,75.289001,1.75
2002q3,326.29877,1.5238091,460.19,5.7333331,10984.04,1001.72,1933.197,1616.722,4778.6929,90.849998,77.851997,108.494,75.650002,1.74
2002q4,326.21088,1.5124197,482.15701,5.8666668,11061.433,986.10498,1942.531,1641.855,4844.998,90.988998,77.749001,108.462,76.088997,1.4433334
2003q1,326.01862,1.4903389,494.97501,5.8666668,11174.129,974.53302,1960.2209,1682.801,4909.8262,90.529999,78.509003,107.592,76.460999,1.25
2003q2,330.50967,1.4771721,521.92999,6.1333332,11312.766,1007.819,1972.386,1670.079,4983.5601,90.239998,79.545998,107.826,76.730003,1.2466667
2003q3,335.22995,1.4569097,524.01099,6.1333332,11566.669,1041.776,2044.304,1724.47,5054.6802,90.374001,81.296997,106.741,77.168999,1.0166667
2003q4,333.03241,1.4469048,543.96698,5.8333335,11772.234,1047.074,2131.311,1741.837,5124.541,90.803001,82.063004,106.879,77.639,.99666667
2004q1,332.79758,1.4408484,556.14899,5.6999998,11923.447,1064.229,2154.052,1779.005,5205.543,91.202003,81.822998,105.993,78.193001,1.0033333
2004q2,336.57147,1.4377077,562.83899,5.5999999,12112.815,1065.972,2262.6069,1803.006,5278.1289,91.294998,82.68,106.388,78.823997,1.01
2004q3,339.94525,1.4305633,580.69897,5.4333334,12305.307,1085.046,2318.272,1826.2939,5371.9961,91.810997,83.067001,107.155,79.323997,1.4333333
2004q4,341.88022,1.4247391,579.82501,5.4333334,12527.214,1107.05,2390.082,1877.483,5464.0879,92.332001,83.428001,106.095,79.939003,1.95
2005q1,343.20679,1.4213269,598.41699,5.3000002,12767.286,1109.964,2486.0681,1891.983,5549.7881,92.585999,84.323997,104.707,80.578003,2.47
2005q2,344.035,1.4170208,605.98199,5.0999999,12922.656,1137.918,2476.4741,1919.496,5643.7319,93.057999,84.251999,104.688,81.157997,2.9433334
2005q3,344.08789,1.4034365,616.39001,4.9666667,13142.642,1151.814,2531.0759,1986.031,5730.2451,93.295998,84.825996,104.315,81.898003,3.46
2005q4,342.46976,1.3980303,616.96002,4.9666667,13324.204,1114.745,2645.2629,2019.741,5820.8091,93.900002,84.831001,103.981,82.570999,3.98
2006q1,344.82361,1.394208,635.71899,4.7333331,13599.16,1154.1281,2709.74,2042.714,5903.311,94.913002,85.417,104.602,83.155998,4.4566665
2006q2,341.20688,1.3814063,639.95599,4.6333332,13753.424,1149.249,2709.252,2076.844,6001.5562,95.128998,85.322998,103.952,83.882004,4.9066668
2006q3,338.35052,1.3703482,632.375,4.6333332,13870.188,1160.532,2709.4199,2112.905,6080.335,95.491997,85.155998,103.933,84.468002,5.2466664
2006q4,339.33395,1.3740599,655.20801,4.4333334,14039.56,1169.422,2675.406,2092.8269,6165.1191,95.942001,85.708,104.823,84.769997,5.2466664
2007q1,338.86377,1.3591689,654.60498,4.5,14215.651,1179.022,2664.2949,2129.103,6264.0132,95.892998,86.014999,106.073,85.575996,5.2566667
2007q2,337.0513,1.3415096,674.08197,4.5,14402.082,1185.692,2699.217,2166.1079,6326.9131,96.308998,86.274002,104.952,86.170998,5.25
2007q3,335.52975,1.3261093,684.42102,4.6666665,14564.117,1191.859,2685.969,2188.1509,6418.373,96.055,87.028999,104.096,86.641998,5.0733333
2007q4,338.06808,1.3058034,703.94702,4.7999997,14715.058,1195.599,2642.5601,2232.5891,6508.9521,95.792999,87.714996,104.334,86.992996,4.4966664
2008q1,332.89441,1.2915717,721.21399,5,14706.538,1153.509,2563.7009,2252.8589,6598.0771,95.467003,87.137001,105.77,87.315002,3.1766667
2008q2,333.6669,1.2723643,742.24597,5.3333335,14865.701,1137.729,2540.595,2305.803,6686.3359,94.916,88.158997,104.3,87.737999,2.0866666
2008q3,335.87039,1.2582828,766.263,6,14898.999,1095.819,2498.2419,2332.0891,6731.1709,93.872002,88.373001,104.231,88.399002,1.9399999
2008q4,335.2554,1.2827902,771.61902,6.8666668,14608.209,1007.986,2307.915,2167.0901,6731.8652,91.473999,87.900002,106.13,88.612999,.50666666
2009q1,340.16058,1.2802212,765.42798,8.2666664,14430.902,1004.48,2014.8781,2115.5481,6694.9419,89.014,88.902,102.041,88.542999,.18333334
2009q2,350.56573,1.259109,782.914,9.3000002,14381.236,994.70001,1863.65,2139.7739,6671.0278,86.833,90.943001,102.951,88.396004,.18000001
2009q3,350.69531,1.234118,792.80103,9.6333332,14448.882,1035.104,1841.416,2193.373,6710.9292,85.747002,92.390999,102.03,88.500999,.15666667
2009q4,352.51929,1.221433,809.117,9.9333334,14651.249,1014.201,1998.71,2222.9089,6767.8848,85.742996,93.642998,100.997,88.780998,.12
2010q1,348.05023,1.2072327,817.50702,9.833333,14764.61,1021.085,2038.161,2245.0691,6835.6689,86.108002,93.744003,99.432999,89.036003,.13333333
2010q2,345.79584,1.1979361,828.047,9.6333332,14980.193,1043.901,2148.7949,2247.333,6916.9111,86.762001,94.055,99.828003,89.471001,.19333334
2010q3,348.22171,1.1896213,828.90002,9.4666662,15141.607,1052.423,2236.4951,2262.696,6985.6348,87.167999,94.663002,99.615997,89.742996,.18666667
2010q4,346.15378,1.1803949,837.42902,9.5,15309.474,1078.441,2238.4399,2320.3511,7031.5112,87.586998,94.962997,99.121002,90.264,.18666667
2011q1,344.40488,1.170053,831.58698,9.0333338,15351.448,1087.927,2205.9619,2381.1079,7089.1602,87.738998,94.263,101.255,90.725998,.15666667
2011q2,342.94016,1.160612,843.03003,9.0666666,15557.539,1082.903,2297.3521,2431.554,7158.561,88.621002,94.320999,99.686996,91.325996,.093333334
2011q3,342.09982,1.1529853,834.97498,9,15647.68,1090.755,2322.8401,2437.019,7227.2539,88.850998,94.147003,100.104,91.875999,.083333336
2011q4,344.36441,1.145785,826.31897,8.6333332,15842.259,1112.4091,2504.095,2448.8069,7247.9702,89.686996,94.599998,97.839996,91.985001,.07333333
2012q1,347.84454,1.1375121,824.07599,8.2666664,16068.805,1138.093,2567.75,2490.624,7330.585,90.353996,95.077003,99.258003,92.525002,.10333333
2012q2,347.67206,1.1311365,816.01001,8.1999998,16207.115,1133.557,2636.863,2482.8191,7388.6792,90.471001,95.571999,98.803001,92.906998,.15333334
2012q3,344.66614,1.1253128,820.21399,8.0333338,16319.541,1141.673,2644.1189,2490.1331,7427.5869,90.991997,95.291,98.591003,93.417,.14333333
2012q4,344.64639,1.1155175,796.401,7.8000002,16420.42,1163.561,2638.282,2510.4971,7491.645,91.518997,94.931999,101.167,93.885002,.16
2013q1,344.03366,1.108062,774.68103,7.7333331,16648.189,1189.7419,2746.4199,2546.9729,7540.9492,92.127998,95.397003,98.991997,94.258003,.14333333
2013q2,343.94058,1.1046255,770.58398,7.5333333,16728.688,1187.6169,2780.2419,2522.8911,7605.1729,92.503998,95.160004,99.709999,94.460999,.11666667
2013q3,345.41064,1.0973848,757.66101,7.2333331,16953.838,1191.933,2892.354,2553.343,7663.083,92.875999,95.836998,98.290001,94.924004,.083333336
2013q4,347.39438,1.0928488,754.35101,6.9333334,17192.02,1197.851,2934.291,2578.384,7774.9951,93.138,96.761002,97.561996,95.426003,.086666666
2014q1,345.57739,1.0865072,744.98602,6.6666665,17197.738,1207.5389,2922.7649,2602.782,7835.6802,93.496002,95.957001,99.981003,95.788002,.07333333
2014q2,348.16937,1.0773147,742.41998,6.1999998,17518.508,1244.233,3059.0959,2641.6211,7924.5972,94.486,96.579002,98.313004,96.330002,.093333334
2014q3,349.98392,1.0737984,755.04102,6.0666666,17804.229,1261.26,3142.0471,2660.6521,8037.877,95.240997,97.405998,97.571999,96.725998,.090000004
2014q4,348.50574,1.070586,733.76703,5.6999998,17912.078,1276.009,3172.0161,2652.2119,8153.3389,96.203003,97.074997,99.037003,96.821999,.1
2015q1,351.21008,1.0712548,730.203,5.5333333,18063.529,1291.0439,3282.283,2605.7461,8222.9727,96.688004,97.637001,99.693001,96.768997,.11
2015q2,353.51584,1.0621133,733.54797,5.4333334,18279.783,1317.766,3291.104,2641.1631,8305.21,96.954002,98.116997,99.532997,97.324997,.12333333
2015q3,351.66507,1.0537276,726.729,5.0999999,18401.627,1326.9,3303.6599,2666.696,8388.8984,97.075996,98.391998,99.681,97.583,.13666667
2015q4,349.00345,1.0476723,731.00702,5.0333333,18435.137,1327.463,3276.8789,2643.739,8452.1514,97.781998,97.787003,100.174,97.581001,.16
2016q1,351.45828,1.0398049,726.54602,4.9000001,18525.934,1338.655,3244.3169,2632.874,8551.6279,98.029999,98.205002,99.908997,97.496002,.36000001
2016q2,347.88968,1.0310781,723.17102,4.9333334,18711.701,1345.902,3246.3811,2677.9221,8641.2998,98.280998,98.266998,99.458,98.158997,.37333333
2016q3,349.56668,1.0215341,733.09698,4.9000001,18892.639,1366.3199,3261.571,2684.449,8746.3574,98.761002,98.602997,99.306,98.410004,.39666668
2016q4,351.16663,1.0141252,734.92297,4.7666664,19089.379,1375.105,3360.9519,2710.918,8835.9658,98.848999,99.271004,99.274002,98.886002,.45000002
2017q1,352.77762,1.0077777,735.242,4.5666666,19280.084,1385.09,3363.1011,2759.7839,8952.4326,99.195,99.431999,99.721001,99.389999,.69999999
2017q2,351.29568,1.0048577,747.5,4.3666668,19438.643,1394.392,3432.968,2768.626,9025.7119,99.822998,99.485001,100.101,99.650002,.94999999
2017q3,353.38828,.99797219,747.23102,4.3333335,19692.596,1417.806,3500.1421,2798.2229,9109.0361,100.05,100.294,100.062,100.162,1.1533333
2017q4,354.94785,.98955166,763.20001,4.1666665,20037.088,1466.355,3574.446,2858.582,9226.4639,100.678,101.031,100.127,100.778,1.2033333
2018q1,354.2648,.98328245,773.14398,4.0333333,20328.553,1483.333,3645.635,2904.5901,9357.1523,101.264,101.36,99.831001,101.419,1.4466666
2018q2,353.12674,.97813559,785.75702,3.9333334,20580.912,1488.127,3662.7271,2921.762,9481.4043,101.761,101.373,99.597,102.136,1.7366667
2018q3,356.20828,.97324926,802.45502,3.7666667,20798.73,1491.615,3788.6919,2930.8359,9579.748,102.206,101.668,99.865997,102.577,1.9233333
2018q4,355.6069,.96790755,818.90399,3.8333333,20917.867,1492.248,3802.0281,2944.3201,9662.6309,102.53,101.485,100.051,103.019,2.22
2019q1,360.8844,.96789992,838.83099,3.8666666,21111.6,1482.601,3850.77,2947.448,9720.1406,102.561,102.339,101.341,103.328,2.4033334
2019q2,363.07693,.96065193,840.28003,3.6333332,21397.938,1517.861,3903.9961,3010.158,9822.6436,102.883,102.968,100.151,103.862,2.3966668
2019q3,367.58405,.95535398,855.02802,3.5999999,21717.172,1544.2271,3939.5991,3031.968,9972.0869,103.176,104.128,98.946999,104.192,2.1900001
2019q4,370.67392,.947667,863.88599,3.5999999,21933.217,1549.885,3880.5701,3047.1189,10104.034,102.934,105.107,99.588997,104.516,1.6433333
2020q1,368.9437,.94449592,872.02698,3.8333333,21751.238,1484.6851,3807.7,3080.6421,9937.7715,101.415,104.618,102.292,105.032,1.26
2020q2,374.84521,.94606936,872.625,13,19958.291,1467.16,3270.187,2932.165,8793.9717,87.539001,109.707,104.316,104.614,.059999999
2020q3,372.5762,.94320637,879.91302,8.8000002,21704.438,1754.408,3911.0039,3157.021,9567.7773,94.754997,111.468,100.085,105.572,.093333334
2020q4,375.47833,.94285464,914.888,6.7666664,22087.16,1780.548,4064.655,3177.8711,9791.3936,96.82,110.615,102.885,106.23,.090000004
2021q1,375.43555,.93447882,906.146,6.2333331,22680.693,1911.1949,4058.9431,3323.249,10020.967,97.806999,111.429,100.743,107.583,.079999998
2021q2,375.46475,.93640685,907.94501,5.9333334,23425.91,2053.4829,4049.667,3490.939,10483.147,99.598999,111.448,100.744,109.258,.07
2021q3,377.14987,.94096828,908.68701,5.0666666,23982.379,1963.191,4255.2632,3548.3379,10869.201,101.018,110.808,101.075,110.938,.090000004
2021q4,381.09921,.9448511,913.60101,4.1999998,24813.6,2039.587,4622.3062,3667.7991,11107.632,102.514,111.599,99.764999,112.847,.079999998
2022q1,378.6192,.94834548,905.104,3.8333333,25250.348,2083.7029,4814.2939,3759.6021,11305.692,103.273,110.212,99.232002,115.126,.12
2022q2,375.70361,.94398618,929.00201,3.6333332,25861.293,2083.0581,4811.5132,3897.7339,11625.782,104.05,109.296,97.724998,117.728,.76999998
2022q3,376.51315,.94406784,928.55103,3.5333333,26336.305,2088.7019,4812.3081,3889.0459,11915.374,104.723,109.295,98.471001,119.031,2.1900001
2022q4,376.56671,.93627173,955.72803,3.5666666,26770.514,2056.2549,4939.2168,3896.571,12158.535,104.973,110.02,97.082001,120.164,3.6533332
2023q1,373.06012,.92878151,975.01703,3.5333333,27216.445,2141.5171,4883.8398,3926.8701,12418.638,105.431,110.215,96.856003,121.288,4.5166669
2023q2,377.00183,.91893518,988.01398,3.5333333,27530.055,2140.8,4961.0518,3938.595,12613.732,105.178,111.133,97.125,121.92,4.9899998
2023q3,378.50272,.90881944,1018.384,3.6666667,28074.846,2149.053,5088.7998,4000.8701,12811.925,105.244,112.424,96.661003,122.914,5.2599998
2023q4,384.59628,.90449929,1034.468,3.8,28424.723,2132.802,5161.1538,4032.157,13025.64,105.22,113.391,96.648003,123.405,5.3299999
2024q1,384.74005,,1039.649,3.8333335,28708.16,2126.3269,5155.0288,4009.9829,13307.523,105.143,113.845,97.980003,124.374,5.3299999
2024q2,383.92102,,1064.344,4,29147.045,2151.8601,5290.1709,4072.521,13531.712,105.394,114.43,97.194,125.167,5.3299999
2024q3,385.07315,,1104.161,4.1666665,29511.664,2183.9341,5330.249,4107.6172,13741.267,105.587,115.241,96.554001,125.696,5.2633333
2024q4,386.51575,,1122.731,4.1333332,29825.182,2250.218,5261.8301,4143.6592,13957.416,105.808,115.725,97.018997,126.45,4.6500001
2025q1,383.24478,,1116.611,4.0999999,30042.113,2235.8191,5556.2158,4196.4829,14122.683,106.127,115.206,97.786003,127.577,4.3299999
2025q2,384.89032,,1135.765,4.1666665,30485.729,2265.729,5358.6318,4205.3799,14318.818,106.41,116.143,97.624001,128.248,4.3299999
1939q1,,,,,,,,,,,,,,
1939q2,,,,,,,,,,,,,,
1939q3,,,,,,,,,,,,,,
1939q4,,,,,,,,,,,,,,
1940q1,,,,,,,,,,,,,,
1940q2,,,,,,,,,,,,,,
1940q3,,,,,,,,,,,,,,
1940q4,,,,,,,,,,,,,,
1941q1,,,,,,,,,,,,,,
1941q2,,,,,,,,,,,,,,
1941q3,,,,,,,,,,,,,,
1941q4,,,,,,,,,,,,,,
1942q1,,,,,,,,,,,,,,
1942q2,,,,,,,,,,,,,,
1942q3,,,,,,,,,,,,,,
1942q4,,,,,,,,,,,,,,
1943q1,,,,,,,,,,,,,,
1943q2,,,,,,,,,,,,,,
1943q3,,,,,,,,,,,,,,
1943q4,,,,,,,,,,,,,,
1944q1,,,,,,,,,,,,,,
1944q2,,,,,,,,,,,,,,
1944q3,,,,,,,,,,,,,,
1944q4,,,,,,,,,,,,,,
1945q1,,,,,,,,,,,,,,
1945q2,,,,,,,,,,,,,,
1945q3,,,,,,,,,,,,,,
1945q4,,,,,,,,,,,,,,
1946q1,,,,,,,,,,,,,,
1946q2,,,,,,,,,,,,,,
1946q3,,,,,,,,,,,,,,
1946q4,,,,,,,,,,,,,,
2025q3,,,,4.25,,,,,,,,,,4.2933331
2025q4,,,,,,,,,,,,,,4.0900002
